[{"inputs":[{"internalType":"contract IERC20","name":"_paymentToken","type":"address"},{"internalType":"contract IERC20","name":"_rewardToken","type":"address"},{"internalType":"uint256","name":"_rewardAmount","type":"uint256"}],"stateMutability":"nonpayable","type":"constructor"},{"anonymous":false,"inputs":[{"indexed":false,"internalType":"address","name":"newPaymentToken","type":"address"}],"name":"PaymentTokenUpdated","type":"event"},{"anonymous":false,"inputs":[{"indexed":true,"internalType":"address","name":"referrer","type":"address"},{"indexed":false,"internalType":"uint256","name":"reward","type":"uint256"}],"name":"RewardPaid","type":"event"},{"anonymous":false,"inputs":[{"indexed":false,"internalType":"address","name":"newRewardToken","type":"address"}],"name":"RewardTokenUpdated","type":"event"},{"anonymous":false,"inputs":[{"indexed":true,"internalType":"address","name":"subscriber","type":"address"},{"indexed":true,"internalType":"address","name":"referrer","type":"address"}],"name":"SubscriberRegistered","type":"event"},{"anonymous":false,"inputs":[{"indexed":true,"internalType":"address","name":"subscriber","type":"address"},{"indexed":false,"internalType":"uint256","name":"plan","type":"uint256"},{"indexed":false,"internalType":"uint256","name":"reward","type":"uint256"}],"name":"SubscriptionRenewed","type":"event"},{"inputs":[],"name":"baseRewardPerPlan","outputs":[{"internalType":"uint256","name":"","type":"uint256"}],"stateMutability":"view","type":"function"},{"inputs":[{"internalType":"address","name":"subscriberAddress","type":"address"}],"name":"getSubscriberInfo","outputs":[{"components":[{"internalType":"address","name":"referrer","type":"address"},{"internalType":"bool","name":"isRegistered","type":"bool"},{"internalType":"uint256","name":"subscriptionExpiry","type":"uint256"},{"internalType":"bool","name":"isTrial","type":"bool"},{"internalType":"uint256","name":"plan","type":"uint256"},{"internalType":"uint256","name":"reward","type":"uint256"}],"internalType":"struct SubscriberManager.Subscriber","name":"","type":"tuple"}],"stateMutability":"view","type":"function"},{"inputs":[{"internalType":"address","name":"subscriberAddress","type":"address"}],"name":"isSubscriberActive","outputs":[{"internalType":"bool","name":"","type":"bool"}],"stateMutability":"view","type":"function"},{"inputs":[],"name":"owner","outputs":[{"internalType":"address","name":"","type":"address"}],"stateMutability":"view","type":"function"},{"inputs":[],"name":"paymentToken","outputs":[{"internalType":"contract IERC20","name":"","type":"address"}],"stateMutability":"view","type":"function"},{"inputs":[{"internalType":"uint256","name":"","type":"uint256"}],"name":"planPeriods","outputs":[{"internalType":"uint256","name":"","type":"uint256"}],"stateMutability":"view","type":"function"},{"inputs":[{"internalType":"uint256","name":"","type":"uint256"}],"name":"planPrices","outputs":[{"internalType":"uint256","name":"","type":"uint256"}],"stateMutability":"view","type":"function"},{"inputs":[{"internalType":"address","name":"","type":"address"}],"name":"referralCount","outputs":[{"internalType":"uint256","name":"","type":"uint256"}],"stateMutability":"view","type":"function"},{"inputs":[{"internalType":"address","name":"referrer","type":"address"}],"name":"register","outputs":[],"stateMutability":"nonpayable","type":"function"},{"inputs":[],"name":"registerFirstSubscriber","outputs":[],"stateMutability":"nonpayable","type":"function"},{"inputs":[{"internalType":"uint256","name":"planId","type":"uint256"}],"name":"renewSubscription","outputs":[],"stateMutability":"nonpayable","type":"function"},{"inputs":[],"name":"rewardAmount","outputs":[{"internalType":"uint256","name":"","type":"uint256"}],"stateMutability":"view","type":"function"},{"inputs":[],"name":"rewardToken","outputs":[{"internalType":"contract IERC20","name":"","type":"address"}],"stateMutability":"view","type":"function"},{"inputs":[{"internalType":"address","name":"newPaymentToken","type":"address"}],"name":"setPaymentToken","outputs":[],"stateMutability":"nonpayable","type":"function"},{"inputs":[{"internalType":"address","name":"newRewardToken","type":"address"}],"name":"setRewardToken","outputs":[],"stateMutability":"nonpayable","type":"function"},{"inputs":[{"internalType":"address","name":"","type":"address"}],"name":"subscribers","outputs":[{"internalType":"address","name":"referrer","type":"address"},{"internalType":"bool","name":"isRegistered","type":"bool"},{"internalType":"uint256","name":"subscriptionExpiry","type":"uint256"},{"internalType":"bool","name":"isTrial","type":"bool"},{"internalType":"uint256","name":"plan","type":"uint256"},{"internalType":"uint256","name":"reward","type":"uint256"}],"stateMutability":"view","type":"function"},{"inputs":[],"name":"trialPeriod","outputs":[{"internalType":"uint256","name":"","type":"uint256"}],"stateMutability":"view","type":"function"},{"inputs":[{"internalType":"uint256","name":"amount","type":"uint256"}],"name":"withdrawFunds","outputs":[],"stateMutability":"nonpayable","type":"function"}]